词,词频
工作,273
专业,236
大学,172
就业,163
现在,161
毕业,111
没有,109
研究生,105
老师,96
分享,93
考研,83
真的,78
选择,73
学校,73
重要,72
不是,70
回复,70
喜欢,66
感谢,66
已经,59
允悲,59
good,58
建议,57
不要,55
超话,54
很多,53
律师,50
社区,47
知道,46
感觉,46
社会,46
不到,46
方向,46
公司,45
本科,45
生活,45
毕业生,44
鲜花,44
需要,41
可能,41
大学生,40
call,40
硕士,39
关注,38
确实,37
岗位,37
未来,37
谢谢,37
微博,36
doge,36
实用,36
不能,35
不错,35
一年,34
经验,34
找到,34
一点,33
应该,33
行业,33
问题,33
互动,32
不会,32
读研,32
学历,32
学生,31
本科生,31
准备,31
其实,30
出来,29
觉得,29
加油,29
人生,28
span,28
icon,28
em,28
适合,28
大家,27
比较,27
一起,27
企业,27
特别,27
直接,26
今年,26
晚上,26
孩子,25
感兴趣,25
完全,25
cry,25
就业率,24
普通,24
工资,24
哈哈哈,24
机会,24
时代,24
语种,24
快乐,24
能力,24
目前,23
不好,23
东西,23
学小,23
这种,23
兴趣,23
博士,22
好像,22
第一份,22
文科,22
不了,22
开学,22
一定,22
主要,22
规划,22
环境,21
十年,21
失业,21
一下,21
简历,21
焦虑,21
时间,21
过好,21
热爱,21
几年,20
实验,20
太难,20
看到,20
进入,20
二哈,20
考试,19
看看,19
面试,19
培养,19
要求,19
压力,19
意义,19
交流,19
经济,18
cn,18
研究,18
管理,18
同学,18
技术,18
知识,18
淡淡的,18
苦涩,18
高校,17
最后,17
两年,17
愿意,17
大部分,17
你好,17
快来,17
志同道合,17
理解,17
很少,16
考公,16
市场,16
国家,16
以后,16
老板,16
历史,16
情况,16
容易,16
小伙伴,16
嘻嘻,16
教师节,16
指南,16
职场,16
以前,15
几个,15
关系,15
考虑,15
化学,15
王牌,15
开通,15
旗下,15
法律,15
明白,15
教师,15
办法,14
是不是,14
公务员,14
啊啊啊,14
学术,14
单位,14
class,14
url,14
img,14
alt,14
src,14
https,14
sinaimg,14
emoticon,14
png,14
style,14
width,14
height,14
从事,14
肯定,14
教育,14
好好,14
道理,14
希望,14
了解,14
开心,14
决定,14
原来,14
野外,14
作揖,14
探索,14
法务,14
考古,13
内容,13
来说,13
扩招,13
之前,13
竞争,13
个人,13
还要,13
招聘,13
起来,13
简直,13
直播,13
不用,13
朋友,13
不同,13
事业,13
名字,13
正常,12
找个,12
发展,12
收入,12
当然,12
人才,12
尤其,12
中国,12
读博,12
当时,12
化工,12
大专,12
分析,12
门槛,12
学到,12
影响,12
继续,12
值得,12
思考,12
这是,12
这篇,12
资格证,12
节日快乐,12
小白姐,12
公开课,12
医学,11
上岸,11
两个,11
信息,11
很大,11
解决,11
退学,11
外卖,11
有没有,11
稳定,11
经历,11
北京,11
不想,11
别人,11
家里,11
非常,11
转行,11
减少,11
没什么,11
医生,11
努力,11
关键,11
工程,11
小学,11
国企,11
每天,11
转发,11
如今,11
入职,11
上课,11
提前,11
北大,10
规培,10
真是,10
之后,10
红利,10
计算机,10
阶段,10
宝宝,10
打工,10
一本,10
厉害,10
一种,10
default,10
兽医,10
同意,10
认为,10
优势,10
创业,10
文科生,10
支持,10
哈哈哈哈,10
时光,10
对口,10
概率,10
现实,10
世界,10
方面,10
获得,10
最大,10
心理学,10
收获,10
收藏,10
计算机科学,10
公正,10
案件,10
白姐,10
子公司,10
食品,10
当兵,10
法治,9
困难,9
职业,9
工科,9
到底,9
英语,9
体制,9
去年,9
AI,9
合适,9
一半,9
反正,9
医院,9
本来,9
实在,9
基本上,9
最好,9
平台,9
出路,9
读书,9
文章,9
高考,9
生物,9
最近,9
本身,9
资源,9
发现,9
没错,9
干嘛,9
增加,9
区别,9
退休,9
出现,9
简单,9
有点,9
灵活,9
生存,9
相关,9
四年,9
真是太,9
全国,8
成功,8
待遇,8
华科,8
担心,8
数据,8
视频,8
年龄,8
至少,8
上班,8
保险,8
热门,8
人员,8
价值,8
闭环,8
变成,8
浪费,8
考上,8
心态,8
实际,8
销售,8
应届生,8
二本,8
花钱,8
一家,8
三年,8
每次,8
越来越,8
必须,8
真实,8
杭州,8
严重,8
水平,8
认真,8
href,8
应届,8
以为,8
延长,8
梦想,8
下去,8
人工智能,8
为啥,8
算是,8
个人兴趣,8
机构,8
一抱,8
资料,8
一套,8
学习,8
值得一看,8
法官,8
违法,8
法考,8
爱好,8
植物,8
层面,8
握手,8
学科,8
以上,7
成为,7
##,7
家庭,7
更好,7
导师,7
详细,7
每个,7
提供,7
位置,7
自由,7
评论,7
逃避,7
就要,7
宏观,7
打算,7
毫无,7
人数,7
高学历,7
基础,7
过去,7
真正,7
后面,7
博主,7
说明,7
整个,7
生化,7
才能,7
面对,7
本科毕业,7
饱和,7
薪资,7
一份,7
成绩,7
城市,7
今天,7
还好,7
编制,7
毕竟,7
先生,7
年轻人,7
互联网,7
认识,7
无法,7
辅导员,7
法学,7
牛马,7
赞同,7
一天,7
业务,7
全是,7
随便,7
聪明,7
好看,7
类似,7
前两天,7
后来,7
领导,7
方式,7
行政,7
动物,7
一条,7
兔子,7
顺利,7
加工,7
三个,7
有用,7
能够,7
领域,7
需求,7
珍惜,7
底线,7
出去,7
校园,7
回家,7
挺不错,7
考古学,6
学医,6
观点,6
莎姐,6
宿舍,6
变得,6
包括,6
推荐,6
参加,6
好点,6
月薪,6
年纪,6
不行,6
只能,6
马上,6
刚好,6
上学,6
安排,6
社保,6
估计,6
重新,6
媒体,6
文学,6
不算,6
就行,6
院校,6
有时候,6
遇到,6
根本,6
进去,6
都行,6
事情,6
里面,6
唯一,6
必要,6
深圳,6
高中生,6
银行,6
南京,6
条件,6
疫情,6
有钱,6
迷茫,6
毁约,6
当年,6
网红,6
好多,6
有个,6
同事,6
出生,6
吃香,6
优秀,6
部门,6
一辈子,6
offer,6
追求,6
那种,6
参考,6
课程,6
医学专业,6
经常,6
专家,6
理论,6
像是,6
上海,6
学院,6
考编,6
永远,6
实践,6
脱节,6
求求,6
有人,6
积累,6
结论,6
天坑,6
国外,6
请问,6
不敢,6
取消,6
自我,6
干饭,6
视野,6
过程,6
海洋,6
工商管理,6
照片,6
按理,6
学好,6
空调,6
吃瓜,6
透彻,6
选对,6
将来,6
共同,6
未必,6
各行各业,6
二级,6
控制,6
推着,6
给力,6
前景,6
和谐,6
爱慕,6
目标,6
学长,6
憧憬,6
阿茶,6
Lars,6
野保,6
开设,5
招生人数,5
雪峰,5
遇见,5
博文,5
五年,5
高中,5
计划,5
帮助,5
双休,5
传统,5
联系,5
一批,5
月入,5
很难,5
天赋,5
视觉,5
金融,5
二十年,5
央企,5
统计,5
升学,5
个体,5
很棒,5
更加,5
汉语言,5
几天,5
大专生,5
基本,5
新闻,5
双非,5
一个月,5
提升,5
不让,5
制造,5
路上,5
升级,5
诚信,5
友善,5
出国,5
真心,5
科研,5
倒闭,5
高不成低不就,5
作用,5
盲目,5
大头,5
农学,5
好找,5
是因为,5
当下,5
就算,5
达到,5
牙医,5
是否,5
确定,5
心仪,5
想要,5
硕博,5
年代,5
经管,5
敲门砖,5
说话,5
差不多,5
见识,5
文字,5
形势,5
重要性,5
考公考,5
长期,5
本科专业,5
脱钩,5
必然,5
只会,5
一句,5
厨师,5
认知,5
三方,5
第一,5
请教,5
辞职,5
可惜,5
身体健康,5
拥有,5
郑帅,5
相对,5
合理,5
慢慢,5
爱好者,5
翻译,5
科技,5
勇敢,5
暑假,5
纯粹,5
鼓励,5
更难,5
搞钱,5
价值观,5
羡慕,5
记得,5
方法,5
yunbei,5
aadb,5
技能,5
培训,5
校长,5
土木,5
大厂,5
公平,5
早上好,5
考证,5
大概,4
恢复,4
赞许,4
求稳,4
林强,4
四川,4
辅导,4
求职,4
留学,4
入学,4
论文,4
室友,4
替代,4
事实,4
阿姨,4
故事,4
地方,4
笔译,4
几乎,4
实际上,4
一堆,4
总是,4
others,4
befd,4
更新,4
进厂,4
不高,4
难受,4
协议,4
不去,4
老婆,4
舒服,4
调整,4
后悔,4
赶紧,4
lei,4
cdfee,4
读个,4
限制,4
从小到大,4
国内,4
看不上,4
太大,4
每年,4
延迟,4
太多,4
理工科,4
完美,4
目的,4
难道,4
家长,4
多数,4
年轻,4
提高,4
范围,4
干到,4
成就,4
左右,4
激烈,4
循环,4
负责,4
活着,4
掌握,4
能干,4
华为,4
轻松,4
武汉,4
华中科技大学,4
缓解,4
幸福,4
用户,4
看病,4
接受,4
姐姐,4
学制,4
导致,4
原因,4
绝对,4
学了,4
科大,4
正在,4
学位证,4
证书,4
看来,4
这份,4
天天,4
意思,4
完成,4
平时,4
博士后,4
正确,4
转到,4
整体,4
裁员,4
吸引,4
XX,4
成本,4
事事,4
吃饭,4
刷到,4
不难,4
放在,4
成长,4
体系结构,4
小孩,4
一块,4
预期,4
好奇,4
样子,4
师兄,4
师姐,4
懒得,4
一眼,4
转型,4
学位,4
相当,4
竞争力,4
公办,4
身份,4
自愿,4
拓宽,4
意识,4
一黑,4
吭哧,4
一看,4
大四,4
困顿,4
平衡,4
度过,4
力量,4
分类学,4
爬行动物,4
角度,4
生物科学,4
真能,4
改变,4
广告学,4
增长,4
飞行员,4
三大,4
通讯,4
烟草,4
铁路,4
系统,4
交通系统,4
石油,4
集团,4
周公子,4
http,4
美术,4
太好,4
难得,4
后续,4
祝您,4
实话,4
指导作用,4
办理,4
退回去,4
过来,4
找准,4
管理学,4
蓬勃发展,4
今时,4
往日,4
艰难,4
华大,4
层级,4
公检法,4
部队,4
转业,4
一扫,4
一大堆,4
更能,4
错案,4
事与愿违,4
法院,4
行政诉讼,4
生效,4
裁判,4
文书,4
无效,4
可辩识,4
不住,4
明知,4
故意,4
良知,4
真才实学,4
前端,4
商业,4
适应,4
这方面,4
谢律,4
擅长,4
精通,4
日语,4
发现自己,4
尝试,4
实验报告,4
指明,4
生涯,4
激情,4
观鸟,4
吹风,4
交警,4
微笑,4
微风,4
晚安,4
方案,4
发布,4
花里胡哨,4
看多,4
目录,4
结合,4
干什么,4
青蛙,4
组织,4
流程,4
管用,4
顺顺利利,4
一盘,4
眼眸,4
网络安全,4
正旺,4
一段,4
好时光,4
思存,4
富强,4
民主,4
文明,4
平等,4
爱国,4
敬业,4
最轻,4
每夜,4
跨度,4
摊手,4
做好,4
新盖,4
图书馆,4
明确,4
团队,4
备战,4
谢谢您,4
网纹,4
为主,4
害怕,4
骂人,4
一人,4
留在,4
小金,4
yousanayu,4
研发,4
生产,4
涉及,4
一级,4
大多,3
两试,3
所有,3
浙大,3
点儿,3
人话,3
事儿,3
项目,3
取得,3
费用,3
链接,3
工作量,3
上限,3
综合性,3
比亚迪,3
大量,3
指导,3
身边,3
仍然,3
人读,3
结婚,3
低于,3
平均水平,3
高于,3
离谱,3
人力,3
规模,3
it,3
黑心,3
人学,3
扩张,3
可怜,3
滴滴,3
大多数,3
身上,3
初中,3
豹哥,3
很爽,3
试错,3
热忱,3
退休金,3
厂里,3
本地,3
电子,3
居然,3
十几年,3
老年人,3
法学专业,3
带走,3
祝福,3
稳中,3
转角,3
炒粉,3
炒饭,3
纠结,3
三本,3
不够,3
挣个,3
别学,3
长衫,3
螺丝,3
回来,3
制度,3
到位,3
总数,3
最低,3
加班,3
认同,3
劳动力,3
伤害,3
挑肥拣瘦,3
在读,3
环材,3
策划,3
普通人,3
实体,3
校招,3
有种,3
应用化学,3
物理,3
行情,3
大学毕业,3
看起来,3
西安,3
进修,3
祖国,3
绝大部分,3
顶顶顶,3
定位,3
那山,3
无非,3
赚钱,3
最终,3
承担,3
读完,3
不招,3
后能,3
执念,3
多读,3
少年,3
流水线,3
正好,3
形成,3
男生,3
理科,3
不足,3
当代,3
笔试,3
以来,3
难度,3
更大,3
庆幸,3
父母,3
放弃,3
完整,3
战略,3
满意,3
大一,3
威武,3
两眼,3
五个,3
还会,3
公民,3
不少,3
买房,3
好处,3
壁垒,3
一门,3
检察,3
热点,3
加大,3
胡说八道,3
年薪,3
认可,3
代表,3
ip,3
工艺,3
核心,3
起点,3
只不过,3
发电,3
加个,3
干着,3
日子,3
逻辑,3
通用,3
一次,3
享受,3
外企,3
贬值,3
从来,3
高级人才,3
考生,3
哲学,3
新闻学,3
政策,3
的确,3
一身,3
想法,3
子女,3
全日制,3
这辈子,3
吃亏,3
民营,3
李永乐,3
多余,3
后期,3
妈呀,3
抱怨,3
自学,3
做个,3
回答,3
避雷,3
环节,3
明明,3
学期,3
没钱,3
哪有,3
去向,3
天呐,3
学费,3
比例,3
能否,3
展开,3
参与,3
美好,3
看过,3
学个,3
有限,3
过剩,3
女性,3
普法,3
前行,3
菏泽市,3
人民检察院,3
六门,3
男性,3
抛开,3
不谈,3
科学,3
不景气,3
挣钱,3
话题,3
中学,3
没考,3
符合,3
标准,3
全部,3
员工,3
麻烦,3
人间,3
一项,3
本钱,3
超级,3
电话,3
感受,3
费劲,3
懂得,3
感到,3
取代,3
女生,3
尘埃,3
开启,3
总会,3
发光,3
从大一,3
国有,3
依然,3
不太好,3
来看,3
高职,3
投了,3
微薄,3
网络,3
商务,3
即将,3
专业对口,3
祝愿,3
面前,3
趁早,3
儿子,3
刚刚,3
学妹,3
好爽,3
错误,3
财务,3
类型,3
大二,3
心理,3
广阔,3
询问,3
家里人,3
之间,3
想象,3
选调,3
对应,3
pass,3
养活,3
满大街,3
趋势,3
复合,3
逾期,3
人际,3
仅仅,3
上次,3
新增,3
小心,3
招生,3
颈椎,3
人民,3
学业,3
注重,3
矛盾,3
以下,3
实验室,3
综合,3
全面,3
咋办,3
考量,3
难以,3
玩意,3
良好,3
内耗,3
有利于,3
补充,3
表明,3
飘过,3
级别,3
带来,3
不说,3
名校,3
毛病,3
千万别,3
篇文章,3
取决于,3
充实,3
背景,3
总体,3
医学类,3
做不了,3
市场行情,3
北大清华,2
小众,2
多所,2
一个班,2
千多,2
留不住,2
一锤子买卖,2
结业,2
禁止,2
外教,2
热评,2
红包,2
一线,2
公益,2
青年,2
深造,2
印象,2
笔记,2
当作,2
遵守,2
劳动法,2
辞退,2
期望,2
日本,2
工作岗位,2
文案,2
耽误,2
全都,2
备考,2
合同制,2
天之骄子,2
彩礼,2
机遇,2
配合,2
cv,2
精准,2
幸运,2
快递,2
三级,2
路子,2
离开,2
恐怕,2
本事,2
搞错,2
傻子,2
教体局,2
好会,2
香港,2
师范,2
水硕,2
自杀,2
很快,2
消息,2
失业率,2
top,2
模型,2
做过,2
电路,2
几十年,2
落后,2
收音机,2
基地,2
女同学,2
几次,2
想着,2
融入,2
正道,2
彪形大汉,2
福利,2
等待,2
自卑,2
药学,2
孔乙己,2
话说回来,2
私企,2
福利待遇,2
跳槽,2
非要,2
不可,2
深大,2
百分之十,2
讨厌,2
复读,2
百万,2
算不算,2
围城,2
很烦,2
用人,2
明天,2
千字,2
全世界,2
青春年华,2
创造,2
危机,2
词条,2
打击,2
想不通,2
财经,2
录取,2
要学,2
修改,2
网上,2
回报,2
无所谓,2
礼物,2
搞不懂,2
不断,2
化肥,2
工人,2
挣得,2
我家,2
高大,2
想想,2
全职,2
大河,2
一期,2
没法,2
不务正业,2
地位,2
同情,2
更是如此,2
没人,2
折磨,2
基层,2
至上,2
后果,2
路径,2
没用,2
多出,2
政治,2
报道,2
工厂,2
机器人,2
空间,2
饿不死,2
天花板,2
分到,2
结束,2
搞笑,2
供给,2
资本,2
依靠,2
吃苦,2
起薪,2
阶级,2
终点,2
新人,2
制片,2
思想,2
出面,2
难过,2
安慰,2
宇宙,2
尽头,2
开个,2
挂科,2
规定,2
消费,2
刺激,2
过来人,2
超度,2
人性化,2
or,2
人太多,2
广大,2
贡献,2
买车,2
好难,2
一万,2
往后,2
可怕,2
漂亮,2
等级,2
补贴,2
腰疼,2
只想,2
pdd,2
欢迎,2
上来,2
半导体,2
加一点,2
hellen,2
go,2
Plckkkkk,2
Suuuupw,2
贝乐,2
那水,2
云朵,2
想飞,2
想见,2
多年,2
摆烂,2
佛系,2
挑剔,2
没关系,2
中医,2
上山下乡,2
我学,2
上班时间,2
做到,2
休息,2
执兽,2
通过率,2
本硕,2
不愁,2
生意,2
明年,2
乐观,2
清楚,2
尽量,2
经管类,2
一片,2
持续,2
吐槽,2
班主任,2
KPI,2
挑挑拣拣,2
大夫,2
想学,2
一部分,2
资金,2
远远,2
废话,2
出头,2
相信,2
写写,2
吸血,2
香饽饽,2
期间,2
小编,2
临床,2
新词,2
指数,2
學生,2
留言,2
严峻,2
报名,2
没事,2
周末,2
加班费,2
心累,2
劳务,2
派遣,2
默默,2
打电话,2
.%,2
层次,2
能进,2
gt,2
一技之长,2
说得对,2
选项,2
信不信,2
评估,2
精力,2
迟早,2
四大,2
头部,2
大佬,2
欺负,2
推迟,2
土木工程,2
取关,2
报考,2
药科,2
非全日制,2
万华,2
规培证,2
解答,2
数学,2
太高,2
起步,2
考不上,2
总有,2
要命,2
超过,2
依赖,2
素养,2
关心,2
师范类,2
绩点,2
一两年,2
市场化,2
双飞,2
厂子,2
CV,2
开发,2
中肯,2
有利,2
划痕,2
辅修,2
对象,2
公家,2
正解,2
有时,2
连为,2
才尽其用,2
引入,2
文献,2
手机,2
专科,2
补考,2
不挂科,2
过后,2
硬性,2
网友,2
通俗易懂,2
口腔,2
养老,2
小区,2
记忆力,2
轻轻松松,2
表妹,2
竟然,2
体育,2
放开,2
看着,2
平实,2
农业,2
双证,2
kpi,2
免费,2
真诚,2
专科生,2
表示,2
提到,2
匹配,2
北邮,2
一年一度,2
多点,2
队友,2
过万,2
有钱人,2
平均年龄,2
区分,2
职级,2
组内,2
平均数,2
同样,2
带教,2
一时半会,2
产出,2
实打实,2
考了,2
昨天,2
解决问题,2
明显,2
薪酬,2
博大精深,2
周边,2
非全,2
烦恼,2
垫底,2
招进来,2
坐班,2
考到,2
硬件,2
两边,2
郁闷,2
眼界,2
强求,2
学会,2
交叉,2
年级,2
组合,2
交到,2
文化,2
天地,2
回不去,2
多月,2
同届,2
高中毕业,2
局限于,2
那点,2
小天地,2
等到,2
恍惚,2
功夫,2
诗外,2
好运,2
连连,2
满月,2
贵在,2
扩大,2
扩宽,2
可能性,2
这样的话,2
学有所成,2
突然,2
原谅,2
有点像,2
手把手,2
实操,2
手册,2
Ps,2
问个,2
题外话,2
浩源,2
过梁,2
遇春,2
经与史,2
summer,2
俏俏,2
浅尝,2
反复,2
课题,2
进展,2
来源,2
危机感,2
照顾,2
时隐时现,2
担忧,2
热情,2
压抑,2
或许,2
刚上,2
这番话,2
感慨,2
前排,2
奥特曼,2
求翻,2
首页,2
水文,2
生态环境,2
防护,2
动植物,2
保护,2
户外,2
自带,2
探险,2
属性,2
生物学,2
遗传学,2
老丝,2
跟着,2
时期,2
太好了,2
行为,2
种群,2
微观,2
细生,2
兴趣缺缺,2
茫然不知,2
拨冗,2
指点,2
一二,2
调剂,2
色弱,2
分数,2
远超,2
感想,2
所学,2
两回事,2
犹如,2
婚姻,2
爱情,2
正确方向,2
新起点,2
喜不喜欢,2
cnc,2
做运维,2
勇敢无畏,2
指路明灯,2
照亮,2
行路,2
不符,2
教会,2
第一次,2
路向,2
闪亮,2
动力,2
极差,2
好消息,2
限量版,2
市场萎缩,2
乾坤,2
挪移,2
神话故事,2
一篇,2
卷生,2
活多,2
钱少,2
比较稳定,2
国家电网,2
移动,2
航海,2
父死子,2
世袭制,2
电力,2
江西,2
国控,2
有句名言,2
ARkNSy,2
九十年代,2
文物保护,2
图一,2
右下角,2
蓝色,2
上衣,2
长发,2
疑问,2
美国,2
地图,2
怨念,2
八十年代,2
一辈,2
坑全,2
好些,2
pku,2
供应,2
传说,2
坑王,2
坑中,2
霸主,2
紫色,2
少见,2
流畅,2
表达,2
花花,2
好美,2
缩编,2
会发,2
学姐,2
考非,2
全再考,2
六级,2
真的假,2
博主是,2
资质,2
贴切,2
有证,2
地摊,2
增多,2
那办,2
培训班,2
发证,2
考编卷,2
生卷,2
聘任,2
就行了,2
个证,2
学历证明,2
画蛇添足,2
不必要,2
愤青,2
夹带,2
私活,2
这三,2
更具,2
启发性,2
不断深入,2
中医药大学,2
来晚,2
朱师节,2
过节,2
轉發,2
微博朱,2
有所,2
Thanks,2
special,2
sir,2
giving,2
今晚,2
句句,2
在理,2
字字珠玑,2
熊猫,2
豆腐心,2
结尾,2
岳律,2
下课,2
兔妈,2
中奖,2
ARVgva,2
不仅仅,2
各学科,2
新手入门,2
具有,2
您好,2
退还,2
上个月,2
申请,2
手续,2
用过,2
录音,2
执意,2
几本,2
盘点,2
洗牌,2
这段话,2
新生,2
艺术,2
人文科学,2
锲而不舍,2
应接不暇,2
藏龙卧虎,2
商学,2
颇具,2
拼不过,2
挑选,2
回忆,2
科普,2
智能,2
太透,2
太难选,2
一派胡言,2
电气工程,2
社会学,2
跟风,2
传媒,2
顶尖,2
小看,2
演技,2
在线,2
换个,2
xhs,2
流量,2
今日,2
可比性,2
博主晚,2
尽人,2
如意,2
期所,2
感悟,2
原先,2
眼光,2
现如今,2
吕来,2
立足之地,2
缺乏,2
博士生,2
盘中,2
大米,2
省会,2
市属,2
全资,2
法务部,2
律所,2
律所靠,2
我过,2
两天,2
过关,2
去不去,2
过法考,2
律师助理,2
十分,2
办公,2
思维,2
受益,2
良久,2
集体,2
用武之地,2
拜读,2
青岛,2
审计,2
面试官,2
集团公司,2
初入,2
技巧,2
研三,2
在校,2
很能,2
开题,2
积极性,2
做事,2
拖沓,2
效率,2
低下,2
一大,2
外语,2
俄语,2
法语,2
德语,2
西班牙语,2
老外,2
熟练,2
对话,2
走向世界,2
语音,2
沟通,2
第一步,2
不如意,2
西藏,2
清净,2
荒郊野外,2
月亮,2
丘八,2
提干,2
剩下,2
四周,2
第一年,2
外派,2
时来运转,2
被动,2
保研草,2
上头,2
国关,2
国务院,2
印度,2
外交部,2
边界,2
赵立坚,2
往往,2
喜好,2
为时未晚,2
想当,2
曲奇饼,2
傻眼,2
太精彩,2
扣人心弦,2
迈入,2
殿堂,2
迎接挑战,2
充满,2
一时,2
局限,2
关乎,2
切勿,2
光环,2
可爱,2
硬道理,2
实用性,2
无穷,2
引领,2
面对现实,2
忽视,2
深入,2
方知,2
少留,2
遗憾,2
把握,2
王道,2
算个,2
好开心,2
望远镜,2
南半球,2
拾起来,2
学林,2
学古,2
林业,2
大自然,2
硕才,2
当移,2
液枪,2
女工,2
整天,2
布置任务,2
才动,2
叶公好龙,2
博物馆,2
植物园,2
观察,2
分子,2
百分之,2
话筒,2
率高,2
类人,2
傲气,2
妥协,2
高等教育,2
普及化,2
悲哀,2
无奈,2
人民满意,2
严谨,2
细说,2
学厉,2
传播,2
景泰,2
传递,2
能量,2
周五,2
宣汉,2
周四,2
愉快,2
阳光,2
彩虹,2
从未,2
坚强,2
码住,2
那一刻,2
跟踪,2
五花八门,2
反映,2
生物工程,2
制药,2
使用,2
收录,2
专属,2
粉丝,2
聊些,2
宠粉,2
翻牌,2
直达,2
现场,2
最难,2
非常容易,2
职位,2
Get,2
工程系,2
EE,2
人资,2
毫无用处,2
描述,2
有着,2
教育部,2
高等学校,2
类别,2
利用,2
职业规划,2
做出,2
不配,2
夸奖,2
默契,2
摆设,2
友情,2
凉凉,2
人心,2
春夏秋冬,2
独特,2
风景,2
凉爽,2
偷笑,2
毫不相干,2
蹲个,2
答案,2
擦边,2
诗意,2
千寻瀑,2
万古,2
四月,2
毒舌,2
头上,2
闪电,2
历史系,2
清华,2
建筑系,2
录取分数,2
打小,2
古建,2
大众,2
眼帘,2
小说,2
大类,2
规则,2
内控,2
实现,2
好用,2
亲亲,2
闪闪发亮,2
MIC,2
檀健次,2
JC,2
花情,2
纵似,2
河阳,2
客心,2
边候,2
挤眼,2
肖战,2
团肖战,2
DAYTOY,2
大棋,2
棋子,2
必定,2
能下,2
好棋,2
受用,2
未遇,2
君时,2
星河,2
相遇,2
君影,2
陈丽君,2
忽悠,2
饱满,2
网安,2
来谈,2
就让,2
养下,2
能捞,2
金不多,2
软开,2
比起,2
代理,2
普及,2
离婚,2
上网,2
起诉,2
商业秘密,2
力气,2
抹平,2
用心,2
做人,2
心灵,2
按摩,2
售后服务,2
下午,2
取向,2
声音,2
轻轻,2
梦见,2
多谢,2
所托非人,2
科举,2
下半场,2
免税,2
势在必行,2
博学,2
机械设计,2
挺大,2
二爷,2
老和山,2
技校,2
老虎,2
广东,2
师妹,2
几百份,2
震惊,2
钱少事,2
大把大把,2
蝴蝶,2
大抵,2
心理准备,2
保证,2
尽可能,2
物色,2
训练,2
好久不见,2
更应,2
适应能力,2
应对,2
多变,2
人脉,2
贡献力量,2
得到,2
优待,2
备选,2
优惠政策,2
迎接,2
挑战,2
植物学,2
研一,2
单身,2
大三,2
打杂,2
抗压,2
咋样,2
疾风,2
植保,2
园艺,2
周二,2
刘总,2
几点,2
母校,2
郑州,2
航空工业,2
咖啡,2
航院,2
慎重,2
一生,2
家境,2
别玩,2
吃不消,2
吴律,2
上升期,2
没饭,2
王子,2
公主,2
怀念,2
新世界,2
学新,2
执业,2
当事人,2
讲话,2
消耗,2
寿命,2
营销,2
恶心,2
广泛,2
母弱,2
商贾,2
父强,2
侍郎,2
族望,2
原籍,2
家贫,2
南方,2
化工大学,2
地盘,2
老七说,2
对化,2
西区,2
再次,2
留个,2
后路,2
选错,2
心里,2
选好,2
认命,2
念一念,2
要选,2
执行,2
人力资源,2
专业术语,2
委托人,2
懂法,2
识人,2
信任,2
面包,2
双丰收,2
充满信心,2
讲解,2
清晰,2
每位,2
学弟,2
受益匪浅,2
机智,2
及早准备,2
下工夫,2
打基础,2
打牢,2
慌张,2
满满,2
之路,2
坚定,2
减轻,2
提前准备,2
明智,2
策略,2
方向感,2
理解万岁,2
我天,2
狐狸,2
课表上,2
相当于,2
放假,2
有效,2
不深,2
兴趣爱好,2
熟悉,2
浙江人,2
邮区,2
向往,2
la,2
哗啦,2
天天开心,2
高三,2
宝子,2
讲得,2
社团,2
跟随,2
自费,2
鸟社,2
两爬社,2
虫社,2
危险,2
不买,2
萌新,2
独自,2
外出,2
加入,2
做野,2
保以,2
决心,2
缺失,2
专业课,2
蛇类,2
科班,2
硬性规定,2
物理化学,2
..,2
物化,2
园林,2
打个,2
补丁,2
坐冷板凳,2
乐意,2
不进,2
加分,2
存在,2
人性,2
里边,2
凡是,2
付出,2
那连,2
多一点,2
青岛大学,2
大雄,2
广告,2
差点,2
讲讲,2
客户,2
家族,2
传承,2
吾辈,2
多只,2
殖人,2
Amo,2
in,2
Fur,2
铁线莲,2
搜看,2
蛮多,2
品种,2
祝贺,2
我该,2
反驳,2
回去,2
普通家庭,2
手上,2
态度,2
几本书,2
买单,2
退款,2
Waterberryyy,2
一个多月,2
熬夜,2
怪兽,2
第一位,2
何来,2
收起,2
踏踏实实,2
生计,2
看待,2
饭碗,2
证实,2
白走,2
一步,2
算数,2
沉下,2
心过,2
退化,2
被律,2
嫌弃,2
好律,2
税务师,2
两科,2
积攒,2
计费,2
温水,2
安逸,2
躺平,2
内心,2
七年,2
沾边,2
客气,2
直接参与,2
案源,2
总结,2
纸上谈兵,2
纯属,2
基于,2
HR,2
推测,2
大道至简,2
hhh,2
前茅,2
ff,2
脑袋,2
困掉,2
生物化学,2
悲伤,2
引导,2
产品,2
还行,2
虚无缥缈,2
用到,2
造厂,2
食品机械,2
一系列,2
emmmmmm,2
Alex,2
烹饪,2
感恩,2
舞台,2
精彩,2
刚刚开始,2
利于,2
活动,2
泪眼汪汪,2
掩耳盗铃,2
CPA,2
iiiiPhilomena,2
证是,2
考过,2
轮不到,2
大燕国,2
慕容,2
太牛,2
瑞思拜,2
塔塔,2
爸爸,2
播长,2
居间,2
约稿,2
系列,2
经济学,2
简称,2
多个,2
单一,2
曹梦,2
Aerospace,2
带个,2
工字,2
眨眼,2
公认,2
人史军,2
手头,2
单手,2
核弹,2
主体,2
陆陆续续,2
装修,2
景观,2
真机,2
朱新想,2
苗条,2
误解,2
有村,2
花纯,2
字幕组,2
施耐庵,2
顺口溜,2
作文,2
影儿,2
